Title,URL,Short Intro,Category,Sub-Category,Course Type,Language,Subtitle Languages,Skills,Instructors,Rating,Number of viewers
Post Graduate Program in Cloud Computing,https://www.simplilearn.com/pgp-cloud-computing-certification-training-course?tag=,"The Post Graduate Program in Cloud Computing, designed in collaboration with Caltech CTME, helps you become an expert in Azure, AWS, and GCP. This in-depth cloud computing certification course lets you master key architectural principles and develop the skills needed to become a cloud expert.",Simplilearn,,,,University Program,8583,Cloud Computing,,
Gain Your Data Analytics Certificate With Purdue And IBM,https://www.simplilearn.com/pgp-data-analytics-certification-training-course?tag=,"Boost your career with this Data Analytics Program, in partnership with Purdue University & in collaboration with IBM, which features master classes and follows an applied learning model designed with real-life projects and business case studies.",Simplilearn,,,,University Program,757,Data Science & Business Analytics,,
Advanced Digital Transformation Course with Purdue,https://www.simplilearn.com/pgp-digital-transformation-certification-training-course?tag=,"Gain powerful digital leadership skills with the Post Graduate Digital Transformation Certification Program in collaboration with Purdue University. Also, master the most comprehensive framework for a successful business transformation with this Digital Transformation Course.",Simplilearn,,,,University Program,8583,Business and Leadership,,
Professional Certificate Program in Ethical Hacking and Penetration Testing,https://www.simplilearn.com/vapt-vulnerability-assessment-penetration-testing-certification?tag=,"Boost your career as a cybersecurity expert through this PCP in Ethical Hacking and Penetration Testing in collaboration with IIT Kanpur. In 6 months, you'll learn advanced offensive cybersecurity strategies to protect networks and data from breaches, theft, attacks, and more",Simplilearn,,,,University Program,8583,Cyber Security,,
Build a Rewarding Career with a Blockchain Developer Course,https://www.simplilearn.com/blockchain-certification-training-course?tag=,"Designed for leaders Professional Certificate Program in Blockchain is a four-month program in collaboration with IIT Kanpur. This blockchain course provides a high-engagement learning experience with real-world blockchain applications in Fintech, Healthcare, Supply Chain Management and more._x000D_
",Simplilearn,,,,University Program,8583,Software Development,,
Post Graduate Program in DevOps,https://www.simplilearn.com/pgp-devops-certification-training-course?tag=,"DevOps training course, designed in collaboration with Caltech CTME, is a professional development option that'll square your skills with industry standards. Our cutting-edge Blended Learning combines live online DevOps certification classes with interactive labs that'll give you hands-on experience",Simplilearn,,,,University Program,8583,DevOps,,
Ranked No.1 Data Science Program by Economic Times,https://www.simplilearn.com/pgp-data-science-certification-bootcamp-program?tag=,"The #1 ranked Post Graduate in Data Science program by ET is here â€” the PG in Data Science, in partnership with Purdue University & in collaboration with IBM. The program features masterclasses by Purdue faculty & IBM experts, exclusive hackathons, & Ask Me Anything sessions by IBM.",Simplilearn,,,,University Program,757,Data Science & Business Analytics,,
Post Graduate Program in Business Analysis,https://www.simplilearn.com/pgp-business-analysis-certification-training-course?tag=,"Kick-start your career growth story with the Post Graduate Program in Business Analysis. With this program, learn how to tackle complex business problems using in-demand tools. Make the most of this business analysis course with Masterclasses from Purdue University.",Simplilearn,, Rated Among the Top 5 Business Analysis Courses by  Entrepreneur,  Entrepreneur,University Program,8583,Business and Leadership,,
Post Graduate Program in Digital Marketing,https://www.simplilearn.com/pgp-digital-marketing-certification-program?tag=,Fast-track your career with the PGP in Digital Marketing Course in collaboration with Purdue University and Meta Blueprint. Learn top digital marketing tools with this online marketing course featuring Masterclasses from Meta and Purdue and Harvard Business Publishing case studies.,Simplilearn,,,,University Program,8583,Digital Marketing,,
Post Graduate Program in Full Stack Web Development,https://www.simplilearn.com/pgp-full-stack-web-development-certification-training-course?tag=,"Accelerate your career as a software developer through this Post Graduate Program in Full Stack Web Development course in collaboration with Caltech CTME. In just a few months, you'll learn modern coding techniques with bootcamp-level intensity and gain all you need to be a full-stack technologist.",Simplilearn,,Ranked No.1 Best Coding Bootcamp by Career Karma, Career Karma,University Program,8583,Software Development,,
Post Graduate Program in AI and Machine Learning,https://www.simplilearn.com/pgp-ai-machine-learning-certification-training-course?tag=,"Beat the curve with our Post Graduate Program in AI and ML, co-sponsored by Purdue University & IBM. Designed after Simplilearn's intense Bootcamp learning model, AI ML Course will help you achieve the most remarkable results & elevate your expertise.",Simplilearn,,Ranked #1 AI and ML Course by Career Karma, Career Karma,University Program,757,AI & Machine Learning,,
Build a Rewarding Career with a Digital Supply Management Course,https://www.simplilearn.com/pgp-digital-supply-chain-management-certification-training-course?tag=,"This Post Graduate Program, designed in collaboration with Purdue, will gear up your career in the competitive field of Supply Chain Management. This program is exclusively curated to help learners understand the competitive marketplace in today's globally networked economy.  _x000D_
",Simplilearn,,,,University Program,8583,Quality Management,,
Professional Certification in Product Management,https://www.simplilearn.com/product-management-certification-training-course?tag=,"Get professionally certified in Product Management from SP Jain Global with an SP Jain Global Executive Ed Alumni Association. Product Management certification course involves 4 months of live training from top faculty across Australia, Dubai & India, with live sessions from top product leaders.",Simplilearn,,,,University Program,8583,Business and Leadership,,
IMT Ghaziabad Digital Marketing Program,https://www.simplilearn.com/professional-certificate-digital-marketing?tag=,"Become a Digital Marketing expert with the help of this digital marketing program, offered by IMT Ghaziabad in collaboration with Simplilearn. Get a holistic understanding of the digital marketing field by exploring topics like SEO, Social Media, PPC, Web Analytics, & Analytics.",Simplilearn,,Ranked No.1  Digital Marketing Program Bootcamp by  Career Karma,  Career Karma,University Program,8583,Digital Marketing,,
AI & Machine Learning Bootcamp,https://www.simplilearn.com/ai-machine-learning-bootcamp?tag=,"This AI and Machine Learning Bootcamp in collaboration with Caltech, will help you advance your career as an AI and ML specialist. The AI and ML Bootcamp includes live classes delivered by industry experts, hands-on labs, Industry-relevant projects, and masterclasses by Caltech professors.",Simplilearn,,Caltech is Ranked #1 in Best Universities in the US by Times Higher Education, Times Higher Education,University Program,8583,AI & Machine Learning,,
Ranked #1 Artificial Intelligence Course by Career Karma,https://www.simplilearn.com/artificial-intelligence-masters-program-training-course?tag=,"Become an expert AI and ML professional with this PGP in AI & ML delivered in partnership with IBM. This Artificial Intelligence course covers latest tools and technologies from the AI ecosystem, and features masterclasses by Caltech faculty and IBM experts, hackathons and Ask Me Anything sessions.",Simplilearn,,,,University Program,8583,AI & Machine Learning,,
Elevate Your Career With Business Analytics Certification,https://www.simplilearn.com/pgp-business-analytics-certification-course?tag=,"Accelerate your career with this acclaimed PG in Business Analytics, in partnership with Carlson School of Management. This Business Analytics certification course features a mix of self-paced videos, live classes, projects, and extensive hands-on practice while leveraging IBMâ€™s industry prowess.",Simplilearn,,,,University Program,8583,Data Science & Business Analytics,,
Caltech Post Graduate Program in Data Science,https://www.simplilearn.com/post-graduate-program-data-science?tag=,"Learn to make data-driven decisions with this PG in Data Science, built and delivered in partnership with Caltech CTME and IBM. Designed for working professionals, the program features masterclasses by Caltech faculty & IBM experts, with exclusive hackathons and Ask Me Anything sessions by IBM.",Simplilearn,,Caltech is Ranked #4 in Best Universities in the US by Times Higher Education, Times Higher Education,University Program,8583,Data Science & Business Analytics,,
Business Analytics Bootcamp,https://www.simplilearn.com/business-analytics-certification-bootcamp-training?tag=,"The Business Analytics Bootcamp, in partnership with Carlson School of Management, focuses on understanding key analytics concepts and your ability to apply these to real business problems. Learn by applying rigorous practical training and gain one of the most in-demand skills in the market.",Simplilearn,,,,University Program,8583,Data Science & Business Analytics,,
Boost Your Career With Project Management Certification,https://www.simplilearn.com/pgp-project-management-certification-training-course?tag=,"Empower your vision and skills to become an efficient project leader with this joint UMass Amherst-Simplilearn project management training. As part of this project management program, attend live online interactive classes, Harvard Business Publishing case studies, and capstone projects.",Simplilearn,,,,University Program,757,Project Management,,
Post Graduate Program in Lean Six Sigma,https://www.simplilearn.com/pgp-lean-six-sigma-certification-training-course?tag=,"Fast track your career in quality management with Simplilearn's IASSC accredited lean six sigma course. Solve real-world business problems through case studies and capstone projects, and business mentoring from industry experts from KPMG in India.",Simplilearn,,"In partnership with Isenberg, UMass Amherst -Ranked #3 Best Online MBA Worldwide","In partnership with Isenberg, UMass Amherst -Ranked #3 Best Online MBA Worldwide",University Program,8583,Quality Management,,
Boost Your Career With A Data Engineering Certificate Program,https://www.simplilearn.com/pgp-data-engineering-certification-training-course?tag=,"Simplilearn's Data Engineering post-graduate program, in partnership with Purdue University & IBM, is the ideal program for professional exposure. Aligned with AWS and Azure certifications, this applied learning program will help all master crucial Data Engineering skills.",Simplilearn,,,,University Program,8583,Big Data,,
Post Graduate Program in Cyber Security,https://www.simplilearn.com/pgp-cyber-security-certification-training-course?tag=,This Post Graduate Program in Cyber Security is designed to equip you with the skills required to become an expert in the rapidly growing field of Cyber Security. This cyber security program aims to help you stay abreast of all the latest trends in cyber security as well.,Simplilearn,,,,University Program,757,Cyber Security,,
Build a Rewarding Career With Business Analytics Program,https://www.simplilearn.com/iit-business-analytics-certification-program?tag=,This Business Analytics program will help you gain the knowledge you need to turn your organizationâ€™s data into a tactical asset to generate business value. Make data-driven strategic decisions for your organization with this Business Analytics for Strategic Decision Making program by IIT Roorkee.,Simplilearn,,,,University Program,8583,Data Science & Business Analytics,,
Advanced Executive Program in Cybersecurity,https://www.simplilearn.com/pgp-advanced-executive-program-in-cyber-security?tag=,"Become an industry-ready professional with Advanced Executive Program in Cybersecurity and transform your career in 6 months. This course provides a high-engagement learning experience with real-world applications and is designed for individuals who want to start a new, more fulfilling career.",Simplilearn,,,,University Program,757,Cyber Security,,
Master Of Business Administration (MBA),https://www.simplilearn.com/,"Kick start your management and business administration journey with this One Year Global MBA (Master of Business Administration) with  IU, Germany. This program prepares you for the global job market with a hands-on approach and international orientation.",Simplilearn,,,,University Program,,Business and Leadership,,
AI for Decision Making: Business Strategies and Applications,https://www.simplilearn.com/ai-for-decision-making-program?tag=,"This AI program with Wharton Online gives you the competitive edge in emerging business technologies. The AI for Business delivers a foundational understanding of todayâ€™s top technologies, including big data, AI and machine learning, and how you can use them to support your organizationâ€™s strategy.",Simplilearn,,Ranked #1 Best AI program by Career Karma, Career Karma,University Program,,AI & Machine Learning,,
Caltech Cloud Computing Bootcamp,https://www.simplilearn.com/cloud-computing-bootcamp-certification-course?tag=,"The Caltech Cloud Computing Bootcamp, helps you become an expert in Azure and AWS. This in-depth cloud computing Online Bootcamp course lets you master key architectural principles and develop the skills needed to become a cloud expert._x000D_
",Simplilearn,,,,University Program,8583,Cloud Computing,,
Advanced Certification in UI UX Design,https://www.simplilearn.com/ui-ux-certification-training-course?tag=,"Become a Certified UI UX Expert in 5 months & attend masterclasses from top faculty of IIIT Bangalore. This UI UX Certification program offers live online classes, portfolio creation on Dribbble via Capstone Projects, and Designer Tool coaching followed by Simplilearn's Job Assistance",Simplilearn,,"Ranked India's #1 Technical University (Private) -  India Today, 2021","Ranked India's #1 Technical University (Private) -  India Today, 2021",University Program,8583,Business and Leadership,,
Caltech Coding Bootcamp,https://www.simplilearn.com/coding-bootcamp?tag=,Learn to code and become a full stack developer within 6 months with our state-of-the-art Caltech Coding Bootcamp. Get fully immersed in this accelerated coding bootcamp and become a valued software engineer ready to take on any challenges on the job.,Simplilearn,,Ranked No.1 Best Coding Bootcamp by Career Karma, Career Karma,University Program,8583,Software Development,,
HR Analytics: Unlocking Human Capital,https://www.simplilearn.com/hr-analytics-certification-online-course?tag=,Lead digital transformation in the world of HR by leveraging business analytics concepts learned through this IIT Roorkee HR Analytics certification course. This program helps you to understand the core topics related to analytics and their applications in the HR domain.,Simplilearn,,,,University Program,8583,Data Science & Business Analytics,,
Executive Certificate Program in General Management,https://www.simplilearn.com/general-management-certification-training-course?tag=,"With IIM Indore's General Management program, you will gain an understanding of domains including Operations, HR, Business Strategy, and digital disruption. Understand the fundamentals of how business works and leverage them to support your organizationâ€™s strategy.",Simplilearn,,,,University Program,8583,Business and Leadership,,
UI UX Bootcamp,https://www.simplilearn.com/ui-ux-bootcamp?tag=,"Become a Certified UI UX Expert in 5 months from UMass Amherst & become a part of the prestigious UMass Amherst Alumni Association. Bootcamp offers 100% Live Online Classes, Portfolio creation via Capstone Projects; Designer Tools coaching followed by Simplilearn's Job Assistance",Simplilearn,,,,University Program,8583,Business and Leadership,,
MS in Artificial Intelligence,https://www.simplilearn.com/ms-in-artificial-intelligence?tag=,"Kick start your career in AI with the MS in Artificial Intelligence with IU, Germany. This MS in AI Online program provides you with key technical knowledge, tools, and training to bring about innovation and disruption with AI.",Simplilearn,,,,University Program,,AI & Machine Learning,,
Professional Certificate Course in Data Analytics,https://www.simplilearn.com/iitk-professional-certificate-course-data-analytics?tag=,"Gain the skills to demystify data and strengthen your data analytics skills through this program, delivered through live sessions by industry experts, hands-on labs, and live masterclasses from distinguished IIT Kanpur faculty. Learn key concepts and hone your ability to apply analytics.",Simplilearn,,,,University Program,8583,Data Science & Business Analytics,,
Professional Certificate in Brand Strategy,https://www.simplilearn.com/professional-brand-strategy-certification?tag=,"Kickstart your brand management and strategy journey by creating a strong foundation in branding practices with this Professional Certificate in Brand Strategy program. Learn to build and manage customer-focused brands to drive profits and organic growth._x000D_
",Simplilearn,,,,University Program,8583,Digital Marketing,,
Caltech - UI UX Bootcamp,https://www.simplilearn.com/caltech-ui-ux-bootcamp?tag=,"Become a Certified UI UX Expert in 5 months from Caltech & earn a Caltech CTME Circle Membership. Bootcamp offers 100% Live Online Classes, Portfolio creation via Capstone Projects; Designer Tools coaching, Networking Sessions from top Design experts followed by Simplilearn's Job Assistance",Simplilearn,,Caltech Ranked #2 in World University Ranking by Times Higher Education, Times Higher Education,University Program,8583,Business and Leadership,,
Executive Leadership Principles Program,https://www.simplilearn.com/leadership-principles-training-course?tag=,"Empower yourself with the leadership acumen needed to solve problems, innovate, and drive change with this Executive Leadership Principles Certification. Designed by MIT xPRO, specifically for working professionals, it helps you innovate in your field and drive change collaboratively. ",Simplilearn,,,,University Program,8583,Business and Leadership,,
Best Data Science Course in India,https://www.simplilearn.com/iitk-professional-certificate-course-data-science?tag=,"Stay ahead of the Data Science curve with this Best Data Science course in India. Master essential Data Science skills through applied learning with live classes by industry experts, asynchronous videos, hands-on labs, and masterclasses from distinguished IIT Kanpur faculty.",Simplilearn,,,,University Program,8583,Data Science & Business Analytics,,
Caltech Cybersecurity Bootcamp,https://www.simplilearn.com/cybersecurity-bootcamp?tag=,"Kickstart your career as a cybersecurity professional through this Caltech Cybersecurity Bootcamp, and gain the skills and experience required by organizations to protect their critical systems and sensitive data from cyberattacks through real-world projects in just 26 weeks.",Simplilearn,,,,University Program,8583,Cyber Security,,
Purdue Digital Marketing Bootcamp,https://www.simplilearn.com/digital-marketing-bootcamp-program?tag=,"Advance in your career as a digital marketer with this Digital Marketing Bootcamp from Simplilearn, in collaboration with Purdue University, by gaining the most in-demand skills in the field and mastering digital marketing tools and practices. _x000D_
_x000D_
",Simplilearn,,,,University Program,8583,Digital Marketing,,
Master in Management,https://www.simplilearn.com/master-in-management?tag=,"Kick start your management career with a Master in Management from IU, Germany. Focus on a specialist field in International Marketing, Finance, Accounting, IT Management, Engineering Management, Big Data Management, or Leadership â€“ with 100% flexibility in this Management  program._x000D_
",Simplilearn,,,,University Program,,Business and Leadership,,
Data Science for Business Decisions,https://www.simplilearn.com/data-science-for-business-decisions-program?tag=,Data Science plays a major role in supporting organizations in making strategic business decisions. Learn this in-demand skill set and turn yourself into a data-driven decision-maker to optimize the performance of your organization.,Simplilearn,,,,University Program,8583,Data Science & Business Analytics,,
Master in Engineering Management,https://www.simplilearn.com/master-in-engineering-management?tag=,"Kickstart your successful management career by gaining both technological expertise and management skills with the Master in Engineering Management Course at IU, Germany.  _x000D_
Establish yourself as a unique candidate developing your managerial skills in an international engineering projects context._x000D_
",Simplilearn,,,,University Program,,Business and Leadership,,
Data Science Bootcamp,https://www.simplilearn.com/data-science-bootcamp?tag=,"Learn to make data-driven decisions with this Data Science Bootcamp delivered through live-interactive sessions. Designed for working professionals, the program features masterclasses by distinguished Caltech instructors, interactive capstone projects, and office hours._x000D_
",Simplilearn,,Caltech is Ranked #1 in Best Universities in the US by Times Higher Education, Times Higher Education,University Program,8583,Data Science & Business Analytics,,
UMass Amherst Digital Marketing Bootcamp,https://www.simplilearn.com/digital-marketing-training-online?tag=,"Boost your career with this Digital Marketing Bootcamp from Simplilearn, in partnership with UMass Amherst Isenberg School Of Management. Learn top digital marketing skills and tools with this online digital marketing training featuring masterclasses from Meta. ",Simplilearn,,In partnership with UMass Amherst -Ranked #3 Best Digital Marketing Training,In partnership with UMass Amherst -Ranked #3 Best Digital Marketing Training,University Program,8583,Digital Marketing,,
Product Management Bootcamp,https://www.simplilearn.com/product-management-bootcamp?tag=,"The Product Management Bootcamp, in cooperation with Carlson School of Management, certifies you as a PM & grants UMN Alumni Association membership. Bootcamp offers 100% live online classes, hands-on learning of product concepts, Live masterclasses by UMN instructors & Simplilearn's Job Assistance",Simplilearn,,UMN ranked one of worldâ€™s leading Research Universities by Shanghai Ranking, Shanghai Ranking,University Program,8583,Business and Leadership,,
Professional Certificate Course in Data Engineering,https://www.simplilearn.com/iitk-professional-certificate-course-data-engineering?tag=,"Become a frontrunner data engineering professional with this program. Gain the essential skills and learn to use prominent tools required by data professionals to engineer unstructured raw data into consumable formats, through live sessions, hands-on labs, projects, and master classes.",Simplilearn,,,,University Program,8583,Big Data,,
Professional Certificate Course in AI and Machine Learning,https://www.simplilearn.com/iitk-professional-certificate-course-ai-machine-learning?tag=,"Become an AI and ML expert with this Machine Learning Course. Learn the latest tools and technologies of the AI world through live classes delivered by industry experts, hands-on labs, Industry-relevant projects and masterclasses from distinguished IIT Kanpur faculty.",Simplilearn,,,,University Program,8583,AI & Machine Learning,,
Online MBA course: University of New Haven,https://www.simplilearn.com/unh-online-mba-course?tag=,"Build your knowledge base and sharpen your skills to become a strategic, collaborative, and corporate thinker ready to navigate the business challenges professionals are faced with today through the University of New Haven MBA program._x000D_
",Simplilearn,,,,University Program,8583,Business and Leadership,,
Data Analytics Bootcamp,https://www.simplilearn.com/data-analytics-bootcamp?tag=,"Stay ahead of the data revolution with the Caltech Data Analytics Bootcamp, delivered in collaboration with Caltech. Designed for working professionals, the Data Analytics Bootcamp follows an applied learning model, featuring industry-oriented real-world projects and integrated labs.",Simplilearn,,,,University Program,8583,Data Science & Business Analytics,,
Data Scientist,https://www.simplilearn.com/,"This IBM-sponsored Data Science course includes unique hackathons, masterclasses, webinars, and Ask-Me-Anything sessions. The online training will give you hands-on experience with R, Python, Machine Learning, Tableau, Hadoop, and Spark. Improve your knowledge with this Data Science course and live interaction with other practitioners and Machine Learning Engineers.",Simplilearn,,Ranked #1 Best Data Science Course by Career Karma, Career Karma,Masters Program,,Data Science & Business Analytics,,
Data Analyst,https://www.simplilearn.com/,"This Data Analytics course in collaboration with IBM makes you a Data Analytics expert. Our Data Analyst course helps you learn analytics tools and techniques, how to work with SQL databases, R and Python, how to create data visualizations, and apply statistics and predictive analytics in a business environment. This Data Analytics certification also features Masterclasses from IBM experts.",Simplilearn,,Ranked #1 Best Data Analytics Certification Course by Career Karma, Career Karma,Masters Program,,Data Science & Business Analytics,,
Digital Project Manager,https://www.simplilearn.com/search?item_type=course%2Cbundle%2Ccohort_master%2Cuniversity_master&tag=Digital%20Project%20Manager,"Customized learning paths, 4x outcomes & completion rates; award-winning client support.",Simplilearn,,,,Masters Program,,Project Management,,
AWS Cloud Architect,https://www.simplilearn.com/search?item_type=course%2Cbundle%2Ccohort_master%2Cuniversity_master&tag=AWS%20Cloud%20Architect,"Customized learning paths, 4x outcomes & completion rates; award-winning client support.",Simplilearn,,,,Masters Program,,Cloud Computing,,
PMPÂ® Plus,https://www.simplilearn.com/search?item_type=course%2Cbundle%2Ccohort_master%2Cuniversity_master&tag=PMPÂ®%20Plus,"Customized learning paths, 4x outcomes & completion rates; award-winning client support.",Simplilearn,,,,Masters Program,,Project Management,,
Business Analyst,https://www.simplilearn.com/search?item_type=course%2Cbundle%2Ccohort_master%2Cuniversity_master&tag=Business%20Analyst,"Become job-ready with a globally recognized Business Analyst Certification Course that is designed to train you on all three aspects of Business Analysis - Planning and monitoring, Requirements elicitation, and Requirements management & communication. Learn the latest tools, work on real-world projects, and attend Masterclasses from IBM experts._x000D_
",Simplilearn,,,,Masters Program,,Business and Leadership,,
Cloud Architect,https://www.simplilearn.com/search?item_type=course%2Cbundle%2Ccohort_master%2Cuniversity_master&tag=Cloud%20Architect,"Simplilearnâ€™s Cloud Architect Certification Course will build your AWS, Microsoft Azure and Google Cloud Platform expertise from the ground up. Youâ€™ll learn to master the architectural principles and services of the top cloud platforms, design and deploy highly scalable, fault-tolerant applications and develop skills to transform yourself into an AWS, Azure cloud and GCP architect.",Simplilearn,,,,Masters Program,,Cloud Computing,,
PMPÂ® Renewal Pack Bundle: Earn 60 PDUs,https://www.simplilearn.com/search?item_type=course%2Cbundle%2Ccohort_master%2Cuniversity_master&tag=PMPÂ®%20Renewal%20Pack%20Bundle:%20Earn%2060%20PDUs,,Simplilearn,,,,Masters Program,,Project Management,,
Artificial Intelligence Engineer,https://www.simplilearn.com/search?item_type=course%2Cbundle%2Ccohort_master%2Cuniversity_master&tag=Artificial%20Intelligence%20Engineer,"Accelerate your career with this Master's in Artificial Intelligence in conjunction with IBM. This program includes industry-relevant courses, such as Data Science with Python, Machine Learning, Deep Learning, NLP, and Chat GPT and also features hackathons and AMA sessions hosted by IBM. Get job-ready in the AI domain with Capstone projects, practical labs, live sessions, and hands-on projects.",Simplilearn,,Ranked #1 Masters in Artificial Intelligence Program by Career Karma, Career Karma,Masters Program,,AI & Machine Learning,,
DevOps Engineer,https://www.simplilearn.com/search?item_type=course%2Cbundle%2Ccohort_master%2Cuniversity_master&tag=DevOps%20Engineer,"Customized learning paths, 4x outcomes & completion rates; award-winning client support.",Simplilearn,,,,Masters Program,,DevOps,,
Azure Cloud Architect,https://www.simplilearn.com/search?item_type=course%2Cbundle%2Ccohort_master%2Cuniversity_master&tag=Azure%20Cloud%20Architect,"Azure Cloud Architect Masterâ€™s Program will help you master the Azure infrastructure by understanding Azure Cloud Architect Technology Solutions, implementing workloads and security in Azure, creating and deploying apps in Azure, and securing data in Azure.",Simplilearn,,,,Masters Program,,Cloud Computing,,
Big Data Engineer,https://www.simplilearn.com/search?item_type=course%2Cbundle%2Ccohort_master%2Cuniversity_master&tag=Big%20Data%20Engineer,"This Big Data Engineer course features masterclasses and Ask me anything sessions by IBM experts. Learn job critical skills with our master's program, like Big Data & Hadoop frameworks, and leverage the functionality of AWS services. The Big Data Engineer course helps you learn to use the database management tool and MongoDB via interactive sessions & industry projects.",Simplilearn,,,,Masters Program,,Big Data,,
Lean Six Sigma Expert,https://www.simplilearn.com/search?item_type=course%2Cbundle%2Ccohort_master%2Cuniversity_master&tag=Lean%20Six%20Sigma%20Expert,"Customized learning paths, 4x outcomes & completion rates; award-winning client support.",Simplilearn,,,,Masters Program,,Quality Management,,
Azure DevOps Solutions Expert,https://www.simplilearn.com/search?item_type=course%2Cbundle%2Ccohort_master%2Cuniversity_master&tag=Azure%20DevOps%20Solutions%20Expert,"Become an industry-ready professional with the Azure DevOps Solutions Expert masters program, which will prepare you for a career in Cloud and DevOps industry. In this course, you will learn to plan smarter, collaborate better, and ship faster with a set of modern dev services.",Simplilearn,,,,Masters Program,,Cloud Computing,,
Cyber Security Expert,https://www.simplilearn.com/search?item_type=course%2Cbundle%2Ccohort_master%2Cuniversity_master&tag=Cyber%20Security%20Expert,"Customized learning paths, 4x outcomes & completion rates; award-winning client support.",Simplilearn,,,,Masters Program,,Cyber Security,,
Digital Marketing Specialist,https://www.simplilearn.com/search?item_type=course%2Cbundle%2Ccohort_master%2Cuniversity_master&tag=Digital%20Marketing%20Specialist,"Digital Marketing Certification Online Course transforms you into a digital market specialist in domains like SEO, social media, pay-per-click, conversion optimization, digital analytics, content, mobile, & email marketing. Get 12-month access to Digital Marketing Program & become industry-ready with the latest tools, work on real-world projects, and attend Expert Sessions from the Facebook team.",Simplilearn,, Rated #1 Digital Marketing Course by  Search Engine Journal,  Search Engine Journal,Masters Program,,Digital Marketing,,
Full Stack Developer - MEAN Stack,https://www.simplilearn.com/search?item_type=course%2Cbundle%2Ccohort_master%2Cuniversity_master&tag=Full%20Stack%20Developer%20-%20MEAN%20Stack,This comprehensive curriculum covers more than 15 software development tools and technologies to make your profile stand out as a MEAN stack developer.,Simplilearn,,,,Master's Program,ter',Software Development,,
ITIL 4 Managing Professional,https://www.simplilearn.com/search?item_type=course%2Cbundle%2Ccohort_master%2Cuniversity_master&tag=ITIL%204%20Managing%20Professional,"Customized learning paths, 4x outcomes & completion rates; award-winning client support.",Simplilearn,,,,Masters Program,,IT Service and Architecture,,
UI/UX Design Expert,https://www.simplilearn.com/search?item_type=course%2Cbundle%2Ccohort_master%2Cuniversity_master&tag=UI/UX%20Design%20Expert,"In this hands-on UI/UX Design Masters Program, you will cover comprehensive approaches to all UI/UX design development stages. You will learn the concepts of UX research, design thinking, UI prototyping and styling, information architecture, usability and testing.",Simplilearn,,,,Master's Program,ter',Software Development,,
Automation Test Engineer,https://www.simplilearn.com/search?item_type=course%2Cbundle%2Ccohort_master%2Cuniversity_master&tag=Automation%20Test%20Engineer,This comprehensive curriculum covers more than 15 automation testing tools and technologies to make your profile stand out as an Automation Test Engineer.,Simplilearn,,,,Master's Program,ter',Software Development,,
PMPÂ® Certification Training Course,https://www.simplilearn.com/project-management/pmp-certification-training?tag=,"PMPÂ® certification is a must for every Project Management Professional! Learn from experts who help you pass the examination post enrolling in Simplilearn's PMP Certification Training, which includes the best practices covered in the 7th Edition of the PMBOK Guide and is aligned with the latest PMP Examination Content Outline. Enroll now and start your journey as a Project Manager today!",Simplilearn,,,,Course,),Project Management,,
SQL Certification Training Course,https://www.simplilearn.com/sql-database-training-course?tag=,"Master SQL and improve your career prospects with Simplilearnâ€™s SQL Database Training Course. Functional knowledge of SQL (Structured Query Language), the leading programming language for relational database management systems, is in high demand and can set you apart in the job market.",Simplilearn,,Ranked #1 Best Coding Bootcamp by Career Karma, Career Karma,Course,67216,Software Development,,
Tableau Certification Training Course,https://www.simplilearn.com/tableau-training-and-data-visualization-course?tag=,"This Tableau certification course helps you master Tableau Desktop, a world-wide utilized data visualization, reporting, and business intelligence tool. Advance your career in analytics through our Tableau training and gain job-ready skills. Tableau certification is highly regarded by companies for data-related jobs and our Tableau online course trains you to use the tool effectively for preparing data, creating interactive dashboards, adding different dimensions, and drilling into outliers.",Simplilearn,,,,Course,67206,Big Data Analytics,,
Data Science with R Certification Course,https://www.simplilearn.com/big-data-and-analytics/data-scientist-certification-sas-r-excel-training?tag=,"Simplilearnâ€™s Data Science with R certification course makes you an expert in data analytics using the R programming language. This data science with R course enables you to take your Data Science skills into a variety of companies, helping them analyze data and make more informed business decisions. With dedicated mentoring sessions, this R course incorporates cutting-edge curriculum to help you develop job-ready skills. Enroll in our R training and build expertise in data science right away.",Simplilearn,,,,Course,53626,Big Data Analytics,,
ASM Certification Training Course,https://www.simplilearn.com/asm-certification-training-course?tag=,The ASM certification is your gateway to learning the most popular Agile project management methodology. This ASM certification online positions you to become a champion of Agile adoption in your organization and maximize results.,Simplilearn,,,,Course,49918,Agile and Scrum,,
Data Science with Python Course,https://www.simplilearn.com/big-data-and-analytics/python-for-data-science-training?tag=,"This Data Science with Python course gives you a complete overview of Pythonâ€™s data analytics tools and techniques. Learning python is a crucial skill for many data science roles, and you can develop it with this Python data science course. With a blended learning approach, you can learn Python for data science along with concepts like data wrangling, mathematical computing, and more. Unlock your career as a data scientist with Simplilearnâ€™s Data Science with Python training.",Simplilearn,,,,Course,48619,Big Data Analytics,,
Green Belt Certification Training Course,https://www.simplilearn.com/quality-management/lean-six-sigma-green-belt-training?tag=,Boost your career in Leax Six Sigma by earning your Lean Six Sigma Green Belt certification! Learn the DMAIC methodology with real-world case studies and the skills you need to help your organization grow with our Lean Six Sigma Green Belt certification online program that is aligned with the IASSC exam.,Simplilearn,,,,Course,44528,Quality Management,,
Big Data Hadoop Certification Training Course,https://www.simplilearn.com/big-data-and-analytics/big-data-and-hadoop-training?tag=,"Simplilearnâ€™s Big Data Hadoop course lets you master the concepts of the Hadoop framework, Big data tools, and methodologies. Achieving a Big Data Hadoop certification prepares you for success as a Big Data Developer. This Big Data and Hadoop training help you understand how the various components of the Hadoop ecosystem fit into the Big Data processing lifecycle. Take this Big Data and Hadoop online training to explore Spark applications, parallel processing, and functional programming.",Simplilearn,,,,Course,35642,Big Data,,
AWS Developer Associate Certification Training,https://www.simplilearn.com/cloud-computing/aws-developer-certification-training?tag=,Enhance your proficiency with the Amazon Web Services (AWS) cloud platform to develop and deploy robust cloud applications with an AWS Developer Associate Certification. This course helps you implement cloud security best practices and understand what it takes to become an AWS Developer Associate.,Simplilearn,,,,Course,35351,Cloud Computing,,
Certified ScrumMasterÂ® (CSM) Certification Training Course,https://www.simplilearn.com/agile-and-scrum/csm-certification-training?tag=,"Move up the career ladder by earning the prestigious Certified ScrumMasterÂ® certification. Prepare for the Scrum Master certification through this 2-day CSM training course by Simplilearn. It is an exhaustive, instructor-led Scrum master certification course that introduces you to all major concepts of the Scrum framework required for Agile Project Management.",Simplilearn,,,,Course,34647,Agile and Scrum,,
Deep Learning Course (with Keras & TensorFlow) Certification Training,https://www.simplilearn.com/deep-learning-course-with-tensorflow-training?tag=,This Deep Learning course with TensorFlow certification training is developed by industry leaders and aligned with the latest best practices. Youâ€™ll master deep learning concepts and models using Keras and TensorFlow frameworks through this TensorFlow course. Learn to implement deep learning algorithms with our TensorFlow training and prepare for a career as a Deep Learning Engineer. Achieve our deep learning certification and gain a competitive edge over your peers in your next interview.,Simplilearn,,,,Course,34113,AI & Machine Learning,,
Power BI Certification Training Course,https://www.simplilearn.com/power-bi-certification-training-course?tag=,Refer Friends & Earn  $100 Gift Voucher,Simplilearn,,,,Course,29883,Big Data Analytics,,
CCBAÂ® Certification Training,https://www.simplilearn.com/project-management/ccba-certification-training?tag=,"The CCBA Certification training covers the basic skills needed by business analysts. CCBA is a formal recognition of a business analysis practitionerâ€™s expertise, based on the standards set by the International Institute of Business Analysis (IIBAÂ®). This CCBA course is aligned with the BABOKâ“‡ Guide v3 and mentored by industry experts who have rich experience and extensive knowledge of it. Take this CCBA training and gain the capability to handle more complex projects of your organization.",Simplilearn,,,,Course,29214,Business and Leadership,,
CBAPÂ® Certification Training Course,https://www.simplilearn.com/project-management/cbap-preparatory-course-training?tag=,"This CBAP training is designed to help professionals gain new skills and expertise in advanced documentation, effective planning, and the creation of business solutions. This CBAP exam preparation course aligns with the high standards set by IIBAÂ® and will ensure continued success in the field of business analysis. Professionals with CBAP certification will be able to stay relevant to rapid changes in the IT industry and competencies in all aspects of business analysis.",Simplilearn,,,,Course,27599,Business and Leadership,,
AWS Solutions Architect Certification Training Course,https://www.simplilearn.com/cloud-computing/aws-solution-architect-associate-training?tag=,"AWS certification training course is essential for every aspiring AWS-certified solutions architect. You will master AWS architectural principles and services such as IAM, VPC, EC2, EBS and elevate your career to the cloud, and beyond with this AWS course.",Simplilearn,,,,Course,26640,Cloud Computing,,
PRINCE2Â® Foundation and Practitioner Certification Training,https://www.simplilearn.com/project-management/prince2-foundation-and-practitioner-certification-training?tag=,"Build your career in Project Management with a PRINCE2Â® certification. Globally known for its practice-driven approach to Project Management, this PRINCE2Â® Foundation and Practitioner course is ideal for project managers wishing to expand their knowledge and increase their earning potential.",Simplilearn,,Ranked #1 Best Online Bootcamp by Career Karma, Career Karma,Course,25381,Project Management,,
PMI-ACPÂ® Certification Training Course,https://www.simplilearn.com/agile-and-scrum/pmi-acp-certification-training?tag=,The PMI-ACPÂ® (Agile Certified Practitioner) training empowers you to become a skilled agile professional with knowledge of a broad range of agile methodologies. ACP is PMIâ€™s fastest-growing certification and recently the PMI-ACP exam has been updated with the addition of the Agile Practice Guide.,Simplilearn,,,,Course,25246,Agile and Scrum,,
AWS SysOps Associate Certification Training,https://www.simplilearn.com/cloud-computing/aws-sysops-certification-training?tag=,"Get hands-on exposure to the highly scalable Amazon Web Services (AWS) cloud platform with the AWS SysOps Associate certification training program. This course will help you attain valuable technical expertise in deploying, managing, and operating fault-tolerant systems on AWS.",Simplilearn,,,,Course,24118,Cloud Computing,,
ITILÂ® 4 Foundation Certification Training Course,https://www.simplilearn.com/it-service-management/itil-foundation-training?tag=,"This ITIL certification introduces learners to ITIL V4 Certification, the newest version of the ITIL 4 exam, to understand and improve an IT-enabled enterprise. This ITIL V4 certification training will help you understand the concepts, languages, best practices, and processes utilized in the ITIL 4 lifecycle.",Simplilearn,,,,Course,23453,IT Service and Architecture,,
Lean Management Certification Training Course,https://www.simplilearn.com/quality-management/lean-management-training?tag=,"Learn the concepts and principles of Lean management in this training course, where youâ€™ll learn how to streamline your processes and drive the best value for your business. This Lean Management Certification course is crafted by industry experts and is ideal for quality management professionals.",Simplilearn,,,,Course,20714,Quality Management,,
Advanced Mobile Marketing Certification Training,https://www.simplilearn.com/digital-marketing/mobile-marketing-certification-training?tag=,"Become an expert in using mobile as a means of marketing communications. Master the art of mobile advertising, responsive designs, and integrated social media marketing to become an industry-ready mobile marketer through this mobile marketing course. _x000D_
",Simplilearn,,,,Course,11389,Digital Marketing,,
CI/CD Pipelines with Jenkins Certification Training Course,https://www.simplilearn.com/jenkins-certification-training-course?tag=,"This CI/CD Pipelines with Jenkins Certification Training Course will help you learn server automation, continuous integration, build pipelines and configuration tools, automated testing and code quality improvement, and distributed system in Jenkins through intensive, hands-on practice assignments.",Simplilearn,,,,Course,11362,DevOps,,
Java Certification Training Course,https://www.simplilearn.com/mobile-and-software-development/java-javaee-soa-development-training?tag=,"If youâ€™re looking to master web application development for virtually any computing platform, this Java Certification Training course is for you. This training course will give you a firm foundation in Java, the most commonly used programming language in software development.",Simplilearn,,Ranked #1 Best Coding Bootcamp by Career Karma, Career Karma,Course,10152,Software Development,,
CISSP Certification Training Course,https://www.simplilearn.com/cyber-security/cissp-certification-training?tag=,"Certified Information Systems Security Professional (CISSP) is a globally recognized certification for information technology security professionals. Aligned with the latest (ISC)2 version launched in 2021, this course provides you a deep technical and managerial knowledge and experience to effectively design, engineer, and manage the overall security posture of your organization. ",Simplilearn,,Ranked #1 Best Cybersecurity Bootcamp by Career Karma, Career Karma,Course,10080,Cyber Security,,
PMI-PgMPÂ® Certification Training,https://www.simplilearn.com/project-management/pgmp-certification-training?tag=,"Designed for mid- or senior-level project managers, this course will hone your skills in managing multiple projects and aligning program activities with business goals without compromising on speed, quality and efficiency. Youâ€™ll learn PMIâ€™s five program management performance domains, including program strategy alignment, lifecycle management, stakeholder engagement, benefits management and governance. ",Simplilearn,,Ranked #1 Best Online Bootcamp by Career Karma, Career Karma,Course,9498,Project Management,,
CEH v12 - Certified Ethical Hacking Course,https://www.simplilearn.com/cyber-security/ceh-certification?tag=,"Learn advanced processes in this (CEH) Certified Ethical Hacking course. In this online ethical hacking certification training, you will master advanced network packet analysis and system penetration testing techniques to build your network security skill-set and prevent hackers. You will get access to certified expert professionals who will guide you throughout your learning journey._x000D_
",Simplilearn,,Ranked #1 Best Cybersecurity Bootcamp by Career Karma, Career Karma,Course,8962,Cyber Security,,
Advanced Website Conversion Rate Optimization Certification Training,https://www.simplilearn.com/digital-marketing/conversion-optimization-certification-training?tag=,Become an expert in conversion optimization through this Advanced Website Conversion Rate Optimization Certification Training course. Learn how you can use an effective framework to help convert your websiteâ€™s visitors into sales leads and gain a firm understanding of online marketing. ,Simplilearn,,,,Course,8944,Digital Marketing,,
Advanced Pay Per Click (PPC) Certification Training,https://www.simplilearn.com/digital-marketing/pay-per-click-ppc-certification-training?tag=,"The Advanced PPC Training Course will transform you into an industry-ready paid marketing professional. Featuring a clear learning path designed by industry experts, this PPC certification course will fast-track your Digital Marketing career with hands-on experience in managing paid marketing initiatives.",Simplilearn,,,,Course,8708,Digital Marketing,,
AWS Data Analytics Certification Training Course,https://www.simplilearn.com/aws-big-data-certification-training-course?tag=,"Simplilearnâ€™s AWS Data Analytics certification training prepares you for all aspects of hosting big data and performing distributed processing on the AWS platform. Our AWS data analytics course is aligned with the AWS Certified Data Analytics Specialty exam and helps you pass it in a single try. Developed by industry leaders, this AWS certified data analytics training explores some interesting topics like AWS QuickSight, AWS lambda and Glue, S3 and DynamoDB, Redshift, Hive on EMR, among others",Simplilearn,,,,Course,8682,Big Data,,
TOGAFÂ® 9 Combined Level 1 and Level 2 Training Course,https://www.simplilearn.com/it-service-management/togaf-certification-program-training?tag=,"Simplilearn's TOGAFÂ® version 9.2 certification training helps you master the terminology, structure, and concepts of TOGAFÂ® 9 â€“ the global framework for enterprise IT architecture. This TOGAF certification training course will demonstrate to employers your level of professionalism in architecture principles and processes.",Simplilearn,,,,Course,8316,IT Service and Architecture,,
Python Certification Course,https://www.simplilearn.com/mobile-and-software-development/python-development-training?tag=,"Simplilearnâ€™s comprehensive Python Training Course will teach you the basics of Python, data operations, conditional statements, shell scripting, and Django. This Python certification course will give you hands-on development experience and prepare you for an exciting career as a professional Python programmer.",Simplilearn,,Ranked #1 Best Coding Bootcamp by Career Karma, Career Karma,Course,8099,Cisco Certification,,
CAPMÂ® Certification Training Course,https://www.simplilearn.com/project-management/capm-certification-training?tag=,Aspiring Project Managers will benefit from the globally recognized Certified Associate in project manager (CAPMÂ®) certification. Learn the tools and best practices of project manager and launch your career or move into new organizational roles and responsibilities with our CAPM training.,Simplilearn,,Ranked #1 Best Online Bootcamp by Career Karma, Career Karma,Course,7914,Project Management,,
Microsoft Certified Azure Administrator Associate AZ-104 Training Course,https://www.simplilearn.com/microsoft-azure-administrator-associate-certification-training-course?tag=,"In this course you will learn how to manage Azure subscriptions, secure identities, administer the infrastructure, configure virtual networking, connect Azure and on-premises sites, manage network traffic, implement storage solutions, create and scale virtual machines, implement web apps and containers, back up and share data, and monitor your solution.",Simplilearn,,,,Course,7732,Cloud Computing,,
CISA Certification Training Course,https://www.simplilearn.com/cyber-security/cisa-certification-training?tag=,The Certified Information Systems Auditor or CISA certification course provides you the skills required to govern and control enterprise IT and perform an effective security audit. Aligned with the latest edition of the CISA exam it upskills you to protect information systems.,Simplilearn,,,,Course,7082,Cyber Security,,
Apache Spark and Scala Certification Training,https://www.simplilearn.com/big-data-and-analytics/apache-spark-scala-certification-training?tag=,"Advance your mastery of the Big Data Hadoop Ecosystem with Simplilearnâ€™s Apache Scala and Spark certification online training. This Spark course will help you will attain crucial, in-demand Apache Spark skills and develop a competitive advantage for an exciting career as a Spark Developer.",Simplilearn,,,,Course,6163,Big Data,,
Introduction to Robotic Process Automation Course,https://www.simplilearn.com/introduction-to-robotic-process-automation-course?tag=,"If you want to expand your expertise in advanced intelligent applications, then this Introduction to RPA course will put you on the fast track. RPA is one of the hottest and fastest-growing technologies for improving real-time business operations and processes. This course will give you an overview of RPA concepts, the value-add it brings with relevant business use cases and tools understanding.",Simplilearn,,Ranked #1 Best Coding Bootcamp by Career Karma, Career Karma,Course,5742,Software Development,,
Certified Scrum Product Owner (CSPO) Certification Training,https://www.simplilearn.com/agile-and-scrum/cspo-certification-training?tag=,"The Certified Scrum Product Owner (CSPO) credential from the Scrum AllianceÂ® will validate your expertise in Scrum, an agile framework that enables collaborative cross-functional teams to deliver projects in incremental portions. The course aims to help you get certified on your first attempt.",Simplilearn,,,,Course,5732,Agile and Scrum,,
COBITÂ® 2019 Certification Training,https://www.simplilearn.com/cyber-security/cobit-certification-training?tag=,This COBITÂ® 2019 Foundation training course will give you a deep understanding of the COBIT framework for managing and governing enterprise IT environments. COBIT certification 2019 provides an end-to-end business perspective for IT governance and reflects the role of IT in creating value for enterprises.,Simplilearn,,Ranked #1 Best Cybersecurity Bootcamp by Career Karma, Career Karma,Course,5023,Cyber Security,,
CCSP Certification,https://www.simplilearn.com/ccsp-certification-training?tag=,This Certified Cloud Security Professional (CCSP) training course is the leading certification by (ISC)Â². This course will enable you to negate security threats to your cloud storage by understanding information security risks and implementing strategies to maintain data security.,Simplilearn,,Ranked #1 Best Cybersecurity Bootcamp by Career Karma, Career Karma,Course,4995,Cyber Security,,
Salesforce Certification - Administrator & App Builder Course,https://www.simplilearn.com/salesforce/salesforce-administrator-and-developer-training?tag=,Gain hands-on experience with this Salesforce certification training course while learning how to manage and develop apps for one of the most popular CRM platforms worldwide. Simplilearnâ€™s Salesforce training enables you to pass two Salesforce certification exams and transform your career.,Simplilearn,,,,Course,4451,Software Development,,
Introduction to Business Analysis,https://www.simplilearn.com/introduction-to-business-analysis?tag=,"Simplilearn's Introduction to Business Analysis course provides an overview of the role of a business analyst and covers the latest tools and techniques. This course will help you understand how business analysis adds value to an organization, helping you monitor, forecast, and plan using data._x000D_
",Simplilearn,,,,Course,3617,Business and Leadership,,
Angular Certification Training Course,https://www.simplilearn.com/angular-certification-training-course?tag=,"This Angular Certification Training Course will help you master front-end web development with Angular. Gain in-depth knowledge of concepts like facilitating the development of single-page web applications, dependency injection, typescript, components, and directives with this Angular Course.",Simplilearn,,Ranked #1 Best Coding Bootcamp by Career Karma, Career Karma,Course,3274,Software Development,,
Salesforce Administrator Certification Training Course,https://www.simplilearn.com/salesforce/salesforce-administrator-training?tag=,"You will master the core administration features of Salesforce, the worldâ€™s most popular cloud-based CRM tool, with our Salesforce Administrator Certification training course. The Salesforce admin course empowers you to implement, configure, and manage Sales and Service Clouds.",Simplilearn,,,,Course,3227,Software Development,,
Node.js Certification Training,https://www.simplilearn.com/node-js-certification-training?tag=,This Node JS training enables you to build network applications quickly and efficiently using JavaScript. The Node JS certification training course is designed to help developers understand and build web applications with the help of JavaScript.,Simplilearn,,Ranked #1 Best Coding Bootcamp by Career Karma, Career Karma,Course,3147,Software Development,,
Salesforce Platform App Builder Certification Training,https://www.simplilearn.com/salesforce/salesforce-developer-training?tag=,"Kickstart your career with this the Salesforce Platform App Builder Certification program. Salesforce skills are in high demand, and you can learn the core concepts of online application development using Salesforce App Builder and Force.com Platform Fundamentals.",Simplilearn,,,,Course,2715,Software Development,,
Search Engine Optimization (SEO) Training Course,https://www.simplilearn.com/digital-marketing/search-engine-optimization-seo-certification-training?tag=,"Our Advanced Search Engine Optimization course will transform you into a full-stack SEO professional driving sustained growth in your websiteâ€™s most critical marketing channel. You will master the many facets of SEO like keyword research, technical SEO, link building, analytics, and much more with this SEO training course.",Simplilearn,,,,Course,2651,Digital Marketing,,
Advanced Social Media Certification Training Course,https://www.simplilearn.com/digital-marketing/social-media-certification-training?tag=,"This Advanced Social Media certification training will transform you into an industry-ready social media marketer. Combining the disciplines of advanced social media, advanced content marketing, and advanced web analytics this social media course will help you elevate your brand and execute social campaigns.",Simplilearn,,,,Course,2430,Digital Marketing,,
CISM Certification Training,https://www.simplilearn.com/cyber-security/cism-certification-training?tag=,"CISM (Certified Information Security Manager) is a key certification for information security professionals who manage, design, oversee, and assess enterprise information security. This CISM certification course, closely aligned with ISACA's best practices, helps you learn about IT security systems.",Simplilearn,,,,Course,2375,Cyber Security,,
PRINCE2 Agile Certification Training,https://www.simplilearn.com/prince2-agile-certification-training-course?tag=,"The PRINCE2Â® Agile Foundation & Practitioner certification course combines agile concepts with PRINCE2. The skills acquired in this course let you deliver projects that meet rapidly shifting consumer needs. This course also prepares you to take and pass, the PRINCE2Â® Agile Foundation and Practitioner exam.",Simplilearn,,Ranked #1 Best Online Bootcamp by Career Karma, Career Karma,Course,2222,Project Management,,
Leading SAFeÂ® 6 Training with SAFe Agilist Certification,https://www.simplilearn.com/agile-and-scrum/safe-agilist-certification-training?tag=,"This industry-leading SAFeÂ® certification and training is recognized across the globe. Itâ€™s the most popular approach for large-scale Agile projects providing a valid, reliable, and consistent method of evaluating SAFeÂ® skills, knowledge, and mindset.",Simplilearn,,,,Course,2170,Agile and Scrum,,
CompTIA Security+ (Plus) Certification - SY0-601 Exam Training,https://www.simplilearn.com/comptia-security-plus-certification-training?tag=,"CompTIA Security+ is a globally trusted certification that validates foundational, vendor-neutral IT security knowledge and skills. As a benchmark for best practices in IT security, this certification training covers the essential principles of network security and risk management.",Simplilearn,,Ranked #1 Best Cybersecurity Bootcamp by Career Karma, Career Karma,Course,2146,Cyber Security,,
Professional Scrum Master (PSM) Certification Training,https://www.simplilearn.com/professional-scrum-master-psm-certification-training-course?tag=,This Professional Scrum Masterâ„¢ (PSM) Certification Training covers the principles and process theory underpinning the Scrum framework and ensures the participants learn what is at the core of the scrum and agile movement. This two-day training will prepare you for new career opportunities.,Simplilearn,,,,Course,1903,Agile and Scrum,,
Administering Windows Server 2012 - R2 Certification Training,https://www.simplilearn.com/os-and-databases/administering-windows-server-2012-r2-certification-training?tag=,,Simplilearn,,,,Course,1841,OS and Databases,,
PMPÂ® Exam Practice Test,https://www.simplilearn.com/pmp-exam-simulator-online-practice-test?tag=,Simplilearnâ€™s PMPÂ® exam practice test course is designed to help participants who are preparing for the PMPÂ® certification exam. Complete hands-on practice through our PMPÂ® practice exam simulator will help you prepare for your final PMPÂ® exam. ,Simplilearn,,Ranked #1 Best Online Bootcamp by Career Karma, Career Karma,Course,1561,Project Management,,
Professional Scrum Product Owner (PSPO) Certification Training,https://www.simplilearn.com/professional-scrum-product-owner-pspo-certification-training-course?tag=,Become a product owner who motivates your team and ensures project success with this PSPO certification course. Our training will open new career opportunities for you in multiple industry sectors. The Professional Scrum Product Owner course offers the foundational knowledge needed to work with Scrum.,Simplilearn,,,,Course,1219,Agile and Scrum,,
Introduction to IoT Training Course,https://www.simplilearn.com/iot-certification-training-course?tag=,"If youâ€™re new to the Internet of Things (IoT) and want to leverage it across business functions, then this introductory course is for you. Youâ€™ll get a glimpse into the ever-growing field of IoT, a technology that allows the intelligent exchange of data among a network of internet-connected objects.",Simplilearn,,Ranked #1 Best Coding Bootcamp by Career Karma, Career Karma,Course,1188,Software Development,,
"ITILÂ® 4 Strategist: Direct, Plan, and Improve",https://www.simplilearn.com/itil-strategist-certification-training-course?tag=,"Learn the practical skills needed to create a â€˜learning and improvingâ€™ IT organization with a reliable and effective strategic direction. The ITILÂ® 4 Strategist (Direct, Plan, and Improve) training will help you understand the impact of Agile and Lean work processes and how they can be leveraged to an organizationâ€™s advantage.",Simplilearn,,,,Course,1188,IT Service and Architecture,,
.NET Programming,https://www.simplilearn.com/dot-net-programming-certification-training-course?tag=,"Master the fundamentals of .NET programming and learn how to create .NET projects with this .NET Programming Certification Course. Youâ€™ll get introduced to the .NET space and coding with C#, including Visual Studio and WinForms, preparing you for a successful career.",Simplilearn,,Ranked #1 Best Coding Bootcamp by Career Karma, Career Karma,Course,1159,Software Development,,
ITILÂ® 4 Specialist: Drive Stakeholder Value Course,https://www.simplilearn.com/itil-specialist-drive-stakeholder-value-certification-course?tag=,"This ITILÂ® 4 Specialist: Drive Stakeholder Value training covers the engagement and interactions between service providers and customers, users, suppliers, and partners, including key CX, UX, and journey mapping concepts. Learn the skills needed to create a â€˜learning and improvingâ€™ IT organization. ",Simplilearn,,,,Course,941,IT Service and Architecture,,
SAFe Product Owner/Product Manager (POPM) Certification Training,https://www.simplilearn.com/safe-product-owner-product-manager-popm-certification-training?tag=,"Understand the role of a ScrumMasterÂ® in a SAFe enterprise in this two-day classroom training and get prepared for the SAFeÂ® Scrum Master exam for your certification. This course will prepare you to successfully plan and execute the Program Increment (PI), a crucial alignment in SAFe organizations. ",Simplilearn,,,,Course,869,Agile and Scrum,,
"ITIL 4 Specialist: Create, Deliver and Support",https://www.simplilearn.com/itil-specialist-certification-training?tag=,"Learn how to create, deliver, and support IT-enabled products and services with the ITILÂ® 4 CDS Specialist certification. This ITIL 4 specialist training will help you understand service performance, service quality, and improvement, including relevant methods and tools.",Simplilearn,,,,Course,860,IT Service and Architecture,,
ITILÂ® 4 Specialist: High Velocity IT Course,https://www.simplilearn.com/itil-specialist-high-velocity-it-course?tag=,This ITILÂ® 4 Specialist: High Velocity IT (HVIT) course will help you understand how the digital enterprises and operating models focus on rapid delivery of their products and services while performing in high velocity environments to gain the maximum value.,Simplilearn,,,,Course,792,IT Service and Architecture,,
SAFeÂ® 6 Scrum Master (SSM) Certification Training,https://www.simplilearn.com/safe-scrum-master-ssm-certification-training?tag=,"Understand the role of a Scrum Master in a SAFe enterprise in this two-day classroom training and prepare yourself to pass the SAFe Scrum Master exam. By the end of this course, you will be well versed in Scaled Agile Frameworks and how to accurately execute them within an enterprise.",Simplilearn,,,,Course,682,Agile and Scrum,,
Professional Scrum Masterâ„¢ (PSM) II Certification Training Course,https://www.simplilearn.com/professional-scrum-master-2-psm-ii-certification?tag=,"The Professional Scrum Masterâ„¢ II (PSM II) course will improve your ability to apply the scrum framework to solving advanced and complex problems in the real world. This two-day training session will help you develop new skills, clear the intensive PSM II certification, and get ahead in your career.",Simplilearn,,,,Course,672,Agile and Scrum,,
UMN,https://www.simplilearn.com/umn-bc-office?tag=,Experts will respond to any questions or concerns you may have regarding the course material in this module.,Simplilearn,,,,Course,559,Blockchain,,
Kanban Management Professional-1 (KMP-1) Kanban System Design Certification Course,https://www.simplilearn.com/kanban-system-design-kmp1-certification-training?tag=,"Learn and become a Kanban Management Professional (KMP)-1 Kanban System Design. Simplilearnâ€™s online Kanban System Design course provides in-depth training in Kanban practices and the principles that underpin the Kanban methodology, including a complete Kanban simulation.",Simplilearn,,,,Course,539,Agile and Scrum,,
Selenium Certification Training,https://www.simplilearn.com/selenium-certification-training?tag=,"This Selenium Certification Training enables you to master the complete Selenium suite. The Selenium Training is designed to train developers and manual testers to learn how to automate web applications with a robust framework, and integrate it within the DevOps processes of an organization. This Selenium Certification Training will also help you master important concepts such as TestNG, Selenium IDE, Selenium Grid, Selenium WebDriver, etc.",Simplilearn,,Ranked #1 Best Coding Bootcamp by Career Karma, Career Karma,Course,524,Software Development,,
Digital Strategy for Brand Marketing Course,https://www.simplilearn.com/digital-strategy-for-brand-marketing-course?tag=,"The Digital Strategy for Brand Marketing course provides a comprehensive overview of brand management and marketing principles & concepts. Learn how to help your business establish a digital presence through the effective use of the content, images, and user engagement that appeals to your target market.",Simplilearn,,,,Course,472,Digital Marketing,,
Full Stack Development for Beginners,https://www.simplilearn.com/full-stack-development-for-beginners?tag=,,Simplilearn,,,,Course,471,Software Development,,
CSPO,https://www.simplilearn.com/cspo-course?tag=,"The Certified Scrum Product Owner (CSPO) credential from the Scrum AllianceÂ® will validate your expertise in Scrum, an agile framework that enables collaborative cross-functional teams to deliver projects in incremental portions. The course aims to help you get certified on your first attempt.",Simplilearn,,,,Course,424,Agile and Scrum,,
Advanced Certified ScrumMasterÂ® (A-CSM) Certification Training,https://www.simplilearn.com/advanced-certified-scrum-master-a-csm-certification-training?tag=,"This Advanced Certified ScrumMaster (A-CSMâ„ ) training course will enhance your expertise in Scrum values, practices, and applications. Upon completion, you will be prepared to achieve your Advanced Certified ScrumMaster certification from Scrum AllianceÂ®.",Simplilearn,,,,Course,421,Agile and Scrum,,
Certified Scrum Developer(CSD) Certification Training,https://www.simplilearn.com/agile-and-scrum/certified-scrum-developer-training?tag=,The Certified Scrum Developer (CSD)Â® Certification is a classroom training course designated by Scrum Alliance. This course trains professionals to develop their ability to serve as an effective developer for a scrum team.,Simplilearn,,,,Course,373,Agile and Scrum,,
Certified Scrum Master,https://www.simplilearn.com/certified-scrum-master-1?tag=,This Certified ScrumMasterÂ® (CSM) certification training course provides an overview of the Scrum framework for Agile Project Management preparing you to become a Certified ScrumMasterÂ®. This is a two-day training that opens a variety of career opportunities in multiple industry sectors.,Simplilearn,,,,Course,369,Agile and Scrum,,
Salesforce Basics Course for Beginners,https://www.simplilearn.com/salesforce-course?tag=,,Simplilearn,,,,Course,348,Big Data,,
ICP-ACC (ICAgile Certified Agile Coaching) Certification Training Course,https://www.simplilearn.com/certified-agile-coaching-icp-acc-certification-training?tag=,This ICP-ACC Certification Training Course aims to help you become an ICAgile certified agile coach able to enhance team practices in software development. This course will help you improve your focus on the business goals and objectives of an organization to create a healthy environment.,Simplilearn,,,,Course,301,Agile and Scrum,,
/irisprodflip456,https://www.simplilearn.com/irisprodflip456?tag=,Iris Production check 456,Simplilearn,,,,Course,293,Big Data Analytics,,
Introduction to Industry 4.0,https://www.simplilearn.com/introduction-industry-4-bcg?tag=,Introduction to Industry 4.0 ,Simplilearn,,,,Course,240,Business and Leadership,,
